{"cameraMode":{"drawMode":0,"name":"Shaded","section":"Shading Mode"},"sceneLighting":false,"audioPlay":false,"sceneViewState":{"showFog":true,"showMaterialUpdate":true,"showSkybox":false,"showFlares":true,"showImageEffects":true,"showParticleSystems":true},"in2DMode":false,"pivot":{"x":-0.006240326911211014,"y":0.001799270510673523,"z":0.0005489885807037354},"rotation":{"x":0.23639589548110963,"y":-0.32328635454177859,"z":0.08375535905361176,"w":0.9124661087989807},"size":0.4759725034236908,"orthographic":false}