{"cameraMode":{"drawMode":0,"name":"Shaded","section":"Shading Mode"},"sceneLighting":false,"audioPlay":false,"sceneViewState":{"showFog":true,"showMaterialUpdate":true,"showSkybox":false,"showFlares":true,"showImageEffects":true,"showParticleSystems":true},"in2DMode":false,"pivot":{"x":-0.35972946882247927,"y":-0.28968966007232668,"z":-0.07082311809062958},"rotation":{"x":0.3431810736656189,"y":-0.5648263096809387,"z":0.2780859172344208,"w":0.6970428824424744},"size":1.1148912906646729,"orthographic":false}