{"cameraMode":{"drawMode":0,"name":"Shaded","section":"Shading Mode"},"sceneLighting":false,"audioPlay":false,"sceneViewState":{"showFog":true,"showMaterialUpdate":true,"showSkybox":false,"showFlares":true,"showImageEffects":true,"showParticleSystems":true},"in2DMode":false,"pivot":{"x":0.0,"y":0.9240000247955322,"z":0.4189999997615814},"rotation":{"x":0.03156004473567009,"y":-0.9325907230377197,"z":0.08319775015115738,"w":0.3500172197818756},"size":1.2775061130523682,"orthographic":true}