{"cameraMode":{"drawMode":0,"name":"Shaded","section":"Shading Mode"},"sceneLighting":false,"audioPlay":false,"sceneViewState":{"showFog":true,"showMaterialUpdate":true,"showSkybox":false,"showFlares":true,"showImageEffects":true,"showParticleSystems":true},"in2DMode":false,"pivot":{"x":0.5533890724182129,"y":0.1131494790315628,"z":-0.09799005091190338},"rotation":{"x":0.22868740558624268,"y":0.046707164496183398,"z":-0.010985440574586392,"w":0.9723170399665833},"size":0.3339746594429016,"orthographic":false}