{"cameraMode":{"drawMode":0,"name":"Shaded","section":"Shading Mode"},"sceneLighting":false,"audioPlay":false,"sceneViewState":{"showFog":true,"showMaterialUpdate":true,"showSkybox":false,"showFlares":true,"showImageEffects":true,"showParticleSystems":true},"in2DMode":false,"pivot":{"x":-0.37785646319389346,"y":0.028167128562927247,"z":0.3469536304473877},"rotation":{"x":0.1477392613887787,"y":-0.053379740566015246,"z":0.007985683158040047,"w":0.9875527024269104},"size":2.0660252571105959,"orthographic":false}