{"cameraMode":{"drawMode":0,"name":"Shaded","section":"Shading Mode"},"sceneLighting":true,"audioPlay":false,"sceneViewState":{"showFog":true,"showMaterialUpdate":true,"showSkybox":true,"showFlares":true,"showImageEffects":true,"showParticleSystems":true},"in2DMode":false,"pivot":{"x":370.0341491699219,"y":223.43328857421876,"z":-20.9095458984375},"rotation":{"x":0.040239546447992328,"y":0.11068198084831238,"z":-0.004484685603529215,"w":0.9930329322814941},"size":689.77587890625,"orthographic":false}