{"cameraMode":{"drawMode":0,"name":"Shaded","section":"Shading Mode"},"sceneLighting":false,"audioPlay":false,"sceneViewState":{"showFog":true,"showMaterialUpdate":true,"showSkybox":false,"showFlares":true,"showImageEffects":true,"showParticleSystems":true},"in2DMode":false,"pivot":{"x":0.4637500047683716,"y":0.13099999725818635,"z":0.0},"rotation":{"x":0.46377065777778628,"y":0.12416190654039383,"z":-0.06582861393690109,"w":0.8747395277023315},"size":0.25645866990089419,"orthographic":true}