{"cameraMode":{"drawMode":0,"name":"Shaded","section":"Shading Mode"},"sceneLighting":false,"audioPlay":false,"sceneViewState":{"showFog":true,"showMaterialUpdate":true,"showSkybox":false,"showFlares":true,"showImageEffects":true,"showParticleSystems":true},"in2DMode":false,"pivot":{"x":-0.12875963747501374,"y":0.7047895193099976,"z":0.5780436992645264},"rotation":{"x":0.23847545683383943,"y":-0.12919436395168305,"z":0.032025936990976337,"w":0.9619865417480469},"size":0.11608725786209107,"orthographic":false}