{"cameraMode":{"drawMode":0,"name":"Shaded","section":"Shading Mode"},"sceneLighting":false,"audioPlay":false,"sceneViewState":{"showFog":true,"showMaterialUpdate":true,"showSkybox":false,"showFlares":true,"showImageEffects":true,"showParticleSystems":true},"in2DMode":false,"pivot":{"x":0.770746111869812,"y":-0.18037718534469605,"z":0.08164048194885254},"rotation":{"x":0.030679233372211458,"y":0.9686728119850159,"z":-0.15533019602298737,"w":0.1913224458694458},"size":0.5660253763198853,"orthographic":false}