{"cameraMode":{"drawMode":0,"name":"Shaded","section":"Shading Mode"},"sceneLighting":false,"audioPlay":false,"sceneViewState":{"showFog":true,"showMaterialUpdate":true,"showSkybox":false,"showFlares":true,"showImageEffects":true,"showParticleSystems":true},"in2DMode":false,"pivot":{"x":0.7741231918334961,"y":-1.682060956954956,"z":-0.00641179084777832},"rotation":{"x":0.23639589548110963,"y":-0.32328635454177859,"z":0.08375535905361176,"w":0.9124661087989807},"size":2.5339205265045168,"orthographic":false}