{"cameraMode":{"drawMode":0,"name":"Shaded","section":"Shading Mode"},"sceneLighting":false,"audioPlay":false,"sceneViewState":{"showFog":true,"showMaterialUpdate":true,"showSkybox":false,"showFlares":true,"showImageEffects":true,"showParticleSystems":true},"in2DMode":false,"pivot":{"x":-0.0159885473549366,"y":0.10482171177864075,"z":0.05479081720113754},"rotation":{"x":-0.1070234626531601,"y":-0.853905200958252,"z":0.19411006569862367,"w":-0.4709266424179077},"size":0.27785569429397585,"orthographic":true}