{"cameraMode":{"drawMode":0,"name":"Shaded","section":"Shading Mode"},"sceneLighting":false,"audioPlay":false,"sceneViewState":{"showFog":true,"showMaterialUpdate":true,"showSkybox":false,"showFlares":true,"showImageEffects":true,"showParticleSystems":true},"in2DMode":false,"pivot":{"x":0.4637500047683716,"y":0.2590000033378601,"z":0.0},"rotation":{"x":0.24019813537597657,"y":-0.12048552930355072,"z":0.030060168355703355,"w":0.9627498388290405},"size":0.5649682283401489,"orthographic":false}