{"cameraMode":{"drawMode":0,"name":"Shaded","section":"Shading Mode"},"sceneLighting":false,"audioPlay":false,"sceneViewState":{"showFog":true,"showMaterialUpdate":true,"showSkybox":false,"showFlares":true,"showImageEffects":true,"showParticleSystems":true},"in2DMode":false,"pivot":{"x":1.1887643337249756,"y":1.3980051279067994,"z":1.0167492628097535},"rotation":{"x":0.2141209840774536,"y":-0.6177718639373779,"z":0.1799883097410202,"w":0.7349357008934021},"size":1.4149551391601563,"orthographic":false}