{"cameraMode":{"drawMode":0,"name":"Shaded","section":"Shading Mode"},"sceneLighting":false,"audioPlay":false,"sceneViewState":{"showFog":true,"showMaterialUpdate":true,"showSkybox":false,"showFlares":true,"showImageEffects":true,"showParticleSystems":true},"in2DMode":false,"pivot":{"x":-0.5885591506958008,"y":-0.06456583738327027,"z":-0.10500907897949219},"rotation":{"x":0.1229458898305893,"y":-0.20535245537757874,"z":0.026012122631072999,"w":0.9705895781517029},"size":1.4857757091522217,"orthographic":false}