{"cameraMode":{"drawMode":0,"name":"Shaded","section":"Shading Mode"},"sceneLighting":false,"audioPlay":false,"sceneViewState":{"showFog":true,"showMaterialUpdate":true,"showSkybox":false,"showFlares":true,"showImageEffects":true,"showParticleSystems":true},"in2DMode":false,"pivot":{"x":-0.03026675432920456,"y":-0.723747730255127,"z":0.4193980395793915},"rotation":{"x":0.5743021965026856,"y":-0.07828986644744873,"z":0.05530301108956337,"w":0.8130127787590027},"size":0.5452817678451538,"orthographic":false}