{"cameraMode":{"drawMode":0,"name":"Shaded","section":"Shading Mode"},"sceneLighting":false,"audioPlay":false,"sceneViewState":{"showFog":true,"showMaterialUpdate":true,"showSkybox":false,"showFlares":true,"showImageEffects":true,"showParticleSystems":true},"in2DMode":false,"pivot":{"x":0.7831796407699585,"y":0.33011019229888918,"z":-0.2549896240234375},"rotation":{"x":-0.004145257640630007,"y":0.9908090233802795,"z":-0.13155174255371095,"w":-0.031220825389027597},"size":0.6866025924682617,"orthographic":false}