{"cameraMode":{"drawMode":0,"name":"Shaded","section":"Shading Mode"},"sceneLighting":false,"audioPlay":false,"sceneViewState":{"showFog":true,"showMaterialUpdate":true,"showSkybox":false,"showFlares":true,"showImageEffects":true,"showParticleSystems":true},"in2DMode":false,"pivot":{"x":-0.06708139926195145,"y":-0.03772649168968201,"z":0.4801788330078125},"rotation":{"x":0.24053749442100526,"y":-0.024748053401708604,"z":0.006134964991360903,"w":0.9703055024147034},"size":0.502512514591217,"orthographic":false}