{"cameraMode":{"drawMode":0,"name":"Shaded","section":"Shading Mode"},"sceneLighting":false,"audioPlay":false,"sceneViewState":{"showFog":true,"showMaterialUpdate":true,"showSkybox":false,"showFlares":true,"showImageEffects":true,"showParticleSystems":true},"in2DMode":false,"pivot":{"x":-0.00022714026272296906,"y":-0.03218992054462433,"z":-0.0065590813755989079},"rotation":{"x":0.15108825266361237,"y":-0.746998131275177,"z":0.18161585927009583,"w":0.621436595916748},"size":0.24896927177906037,"orthographic":true}